{
  "work-offline": {
    "name": "Work Offline"
  },
  "country-flags": {
    "name": "Country Flags & IP WHOIS"
  },
  "save-images": {
    "name": "Download All Images"
  },
  "privacy-settings": {
    "name": "Privacy Settings"
  },
  "media-player": {
    "name": "YouTube Media Player"
  },
  "tab-discard": {
    "name": "Auto Tab Discard"
  },
  "send-to": {
    "name": "Send to VLC"
  },
  "two-factor-authenticator": {
    "name": "Open Two-Factor Authenticator"
  },
  "useragent-switcher": {
    "name": "User-Agent Switcher and Manager"
  },
  "block-site": {
    "name": "Block Site"
  },
  "chrome-reader-view": {
    "name": "Reader View"
  },
  "convert-to": {
    "name": "Convert to PDF"
  },
  "dark-theme": {
    "name": "Dark Theme"
  },
  "font-finder": {
    "name": "Font Finder"
  },
  "bookmarks-commander": {
    "name": "Bookmarks Commander"
  }
}
